Month,Month_Number,Courtyard_Area_m2,Potential_Harvest_L,Collected_Rainwater_L,Irrigation_Demand_L,Water_Supplied_L,Coverage_Pct,Overflow_L,Cost_Savings_EUR,Ending_Storage_L
January,1,33.169,2685.3,1853.9,0.0,0.0,100.0,0.0,0.0,6853.9
February,2,33.169,1722.5,1189.2,0.0,0.0,100.0,0.0,0.0,8043.2
March,3,33.169,1711.8,1181.8,0.0,0.0,100.0,0.0,0.0,9225.0
April,4,33.169,1463.4,1010.3,710.8,710.8,100.0,0.0,1.7,9524.6
May,5,33.169,1856.5,1281.7,1468.9,1468.9,100.0,0.0,3.52,9337.4
June,6,33.169,1228.6,848.2,2132.3,2132.3,100.0,0.0,5.11,8053.4
July,7,33.169,2624.2,1811.8,2937.8,2937.8,100.0,0.0,7.04,6927.3
August,8,33.169,1374.0,948.6,2937.8,2937.8,100.0,0.0,7.04,4938.1
September,9,33.169,2158.6,1490.3,1421.5,1421.5,100.0,0.0,3.41,5006.9
October,10,33.169,1793.4,1238.2,734.5,734.5,100.0,0.0,1.76,5510.6
November,11,33.169,1644.4,1135.3,0.0,0.0,100.0,0.0,0.0,6645.9
December,12,33.169,1968.4,1359.0,0.0,0.0,100.0,0.0,0.0,8004.9
